Timestamp,Event,Event Description,Event Severity,network_table:///FMSInfo/EventName,network_table:///FMSInfo/FMSControlData,network_table:///FMSInfo/GameSpecificMessage,network_table:///FMSInfo/IsRedAlliance,network_table:///FMSInfo/MatchNumber,network_table:///FMSInfo/MatchType,network_table:///FMSInfo/ReplayNumber,network_table:///FMSInfo/StationNumber,network_table:///LiveWindow/Ungrouped/Compressor[0]/Enabled,network_table:///LiveWindow/Ungrouped/Compressor[0]/Pressure switch,"network_table:///LiveWindow/Ungrouped/DoubleSolenoid[0,2]/Value",network_table:///LiveWindow/Ungrouped/Encoder[0]/Distance,network_table:///LiveWindow/Ungrouped/Encoder[0]/Distance per Tick,network_table:///LiveWindow/Ungrouped/Encoder[0]/Speed,network_table:///LiveWindow/Ungrouped/Encoder[1]/Distance,network_table:///LiveWindow/Ungrouped/Encoder[1]/Distance per Tick,network_table:///LiveWindow/Ungrouped/Encoder[1]/Speed,network_table:///SmartDashboard/Accelerometer,network_table:///SmartDashboard/Direction,network_table:///SmartDashboard/Drive Mode,network_table:///SmartDashboard/Left EO Encoder Speed RPS,network_table:///SmartDashboard/Left Master Current,network_table:///SmartDashboard/Left NEO Drive speed FPS,network_table:///SmartDashboard/Left NEO Encoder Inches,network_table:///SmartDashboard/Left NEO Encoder Position Ticks,network_table:///SmartDashboard/Left NEO Encoder Speed Inches,network_table:///SmartDashboard/Left Rio Drive speed FPS,network_table:///SmartDashboard/Left Rio Encoder Inches,network_table:///SmartDashboard/Left Rio Encoder Position Ticks,network_table:///SmartDashboard/Left Rio Encoder Speed Inches,network_table:///SmartDashboard/Left Slave 1 Current,network_table:///SmartDashboard/Left Slave 2 Current,network_table:///SmartDashboard/Left Voltage,network_table:///SmartDashboard/Mode,network_table:///SmartDashboard/Neutral Mode,network_table:///SmartDashboard/Right Master Current,network_table:///SmartDashboard/Right NEO Drive speed FPS,network_table:///SmartDashboard/Right NEO Encoder Inches,network_table:///SmartDashboard/Right NEO Encoder Position Ticks,network_table:///SmartDashboard/Right NEO Encoder Speed Inches,network_table:///SmartDashboard/Right NEO Encoder Speed RPS,network_table:///SmartDashboard/Right Rio Drive speed FPS,network_table:///SmartDashboard/Right Rio Encoder Inches,network_table:///SmartDashboard/Right Rio Encoder Position Ticks,network_table:///SmartDashboard/Right Rio Encoder Speed Inches,network_table:///SmartDashboard/Right Rio Encoder Speed RPS,network_table:///SmartDashboard/Right Slave 1 Current,network_table:///SmartDashboard/Right Slave 2 Current,network_table:///SmartDashboard/Right Voltage,network_table:///SmartDashboard/high Gear,network_table:///SmartDashboard/jetson/Angle To Target,network_table:///SmartDashboard/jetson/Distance,network_table:///SmartDashboard/jetson/Left hasLeft,network_table:///SmartDashboard/jetson/Left hasRight,network_table:///SmartDashboard/jetson/Left targetX,network_table:///SmartDashboard/jetson/Left targetY,network_table:///SmartDashboard/jetson/Left targetsFound,network_table:///SmartDashboard/jetson/Offset,network_table:///SmartDashboard/jetson/Right hasLeft,network_table:///SmartDashboard/jetson/Right hasRight,network_table:///SmartDashboard/jetson/Right targetX,network_table:///SmartDashboard/jetson/Right targetY,network_table:///SmartDashboard/jetson/Right targetsFound,network_table:///SmartDashboard/jetson/increment
0,,,,,1108321.0,RRR,true,0.0,0.0,0.0,1.0,false,true,Forward,-906.25,1.0,0.0,1435.5,1.0,0.0,0.0,Backward,OPEN_LOOP,0.0,0.25,0.0,4.956309523809523,170.0,0.0,-0.0,4.95985401459854,906.0,-0.0,0.28125,0.25,0.05853950811792352,STEP_VOLTAGE,kBrake,0.125,0.0,8.250797619047619,-283.0,0.0,0.0,-0.0,7.855839416058394,1435.0,0.0,0.0,0.15625,0.125,-3.6240730002746666E-4,false,-1.0,-1.0,false,false,0.0,0.0,0.0,-1.0,false,false,0.0,0.0,0.0,1625.0
57,,,,,,,,,,,,,,,,,,,,,,,,,,,,,,,,,,,,0.0585778946806238,,,,,,,,,,,,,,,,-3.6240730002746666E-4,,,,,,,,,,,,,,,1627.0
156,,,,,,,,,,,,,,,,,,,,,,,,,0.25,,,,,,,,,,,,,,,,,,,,,,,,,,,,,,,,,,,,,,,,,,1629.0
257,,,,,,,,,,,,,,,,,,,,,,,,,,,,,,,,,,,,0.0585778946806238,,,,,,,,,,,,,,,,-3.626457258827479E-4,,,,,,,,,,,,,,,1631.0
357,,,,,,,,,,,,,,,,,,,,,,,,,,,,,,,,,,,,0.05853950811792352,,,,,,,,,,,,,,,,-3.626457258827479E-4,,,,,,,,,,,,,,,1634.0
461,,,,,,,,,,,,,,,,,,,,,,,,,,,,,,,,,,,,0.0585778946806238,,,,,,,,,,,,,,,,-3.6240730002746666E-4,,,,,,,,,,,,,,,1636.0
557,,,,,,,,,,,,,,,,,,,,,,,,,,,,,,,,,,,,0.0585778946806238,,,,,,,,,,,,,,,,-3.626457258827479E-4,,,,,,,,,,,,,,,1638.0
657,,,,,,,,,,,,,,,,,,,,,,,,,,,,,,,,,,,,0.0585778946806238,,,,,,,,,,,,,,,,-3.626457258827479E-4,,,,,,,,,,,,,,,1640.0
757,,,,,,,,,,,,,,,,,,,,,,,,,,,,,,,,,,,,0.0585778946806238,,,,,,,,,,,,,,,,-3.626457258827479E-4,,,,,,,,,,,,,,,1643.0
857,,,,,,,,,,,,,,,,,,,,,,,,,,,,,,,,,,,,0.0585778946806238,,,,,,,,,,,,,,,,-3.6240730002746666E-4,,,,,,,,,,,,,,,1645.0
958,,,,,,,,,,,,,,,,,,,,,,,,,,,,,,,,,,,,0.0585778946806238,,,,,,,,,,,,,,,,-3.6240730002746666E-4,,,,,,,,,,,,,,,1648.0
1059,,,,,,,,,,,,,,,,,,,,,,,,,,,,,,,,,,,,0.0585778946806238,,,,,,,,,,,,,,,0.125,-3.6240730002746666E-4,,,,,,,,,,,,,,,1651.0
1157,,,,,,,,,,,,,,,,,,,,,,,,,,,,,,,,,,,,0.0585778946806238,,,,,,,,,,,,,,,,-3.6240730002746666E-4,,,,,,,,,,,,,,,
1258,,,,,,,,,,,,,,,,,,,,,,,,,0.25,,,,,,,,,,,0.05853950811792352,,,,,,,,,,,,,,,,-3.6216887417218544E-4,,,,,,,,,,,,,,,1653.0
1359,,,,,,,,,,,,,,,,,,,,,,,,,,,,,,,,,,,,0.0585778946806238,,,,,,,,,,,,,,,,-3.6240730002746666E-4,,,,,,,,,,,,,,,1656.0
1458,,,,,,,,,,,,,,,,,,,,,,,,,,,,,,,,,,,,0.05853950811792352,,,,,,,,,,,,,,,,-3.6240730002746666E-4,,,,,,,,,,,,,,,1658.0
1558,,,,,,,,,,,,,,,,,,,,,,,,,,,,,,,,,,,,0.05853950811792352,,,,,,,,,,,,,,0.15625,,-3.626457258827479E-4,,,,,,,,,,,,,,,1661.0
1659,,,,,,,,,,,,,,,,,,,,,,,,,,,,,,,,,,,,0.0585778946806238,,,,,,,,,,,,,,,,-3.6240730002746666E-4,,,,,,,,,,,,,,,1663.0
1759,,,,,,,,,,,,,,,,,,,,,,,,,,,,,,,,,,,,,,,,,,,,,,,,,,,,-3.626457258827479E-4,,,,,,,,,,,,,,,1665.0
1863,,,,,,,,,,,,,,,,,,,,,,,,,,,,,,,,,,,,0.058501121555223246,,,,,,,,,,,,,,,,-3.626457258827479E-4,,,,,,,,,,,,,,,1667.0
1959,,,,,,,,,,,,,,,,,,,,,,,,,,,,,,,,,,,,0.05846273499252296,,,,,,,,,,,,,,,,-3.626457258827479E-4,,,,,,,,,,,,,,,1670.0
2060,,,,,,,,,,,,,,,,,,,,,,,,,,,,,,,,,,,,0.058501121555223246,,,,,,,,,,,,,,,,-3.626457258827479E-4,,,,,,,,,,,,,,,1672.0
2159,,,,,,,,,,,,,,,,,,,,,,,,,,,,,,,,,,,,0.05846273499252296,,,,,,,,,,,,,,,,-3.626457258827479E-4,,,,,,,,,,,,,,,1674.0
2260,,,,,,,,,,,,,,,,,,,,,,,,,,,,,,,,,,,,0.058501121555223246,,,,,,,,,,,,,,,,-3.626457258827479E-4,,,,,,,,,,,,,,,1676.0
2359,,,,,,,,,,,,,,,,,,,,,,,,,,,,,,,,,,,,,,,,,,,,,,,,,,,,-3.626457258827479E-4,,,,,,,,,,,,,,,1679.0
2460,,,,,,,,,,,,,,,,,,,,,,,,,,,,,,,,,,,,,,,,,,,,,,,,,,0.15625,,-3.6216887417218544E-4,,,,,,,,,,,,,,,1681.0
2562,,,,,,,,,,,,,,,,,,,,,,,,,,,,,,,,,,,,0.058501121555223246,,,,,,,,,,,,,,,0.125,-3.619304483169042E-4,,,,,,,,,,,,,,,1683.0
2660,,,,,,,,,,,,,,,,,,,,,,,,,,,,,,,,,,,,0.05853950811792352,,,,,,,,,,,,,,,,-3.6216887417218544E-4,,,,,,,,,,,,,,,1685.0
2762,,,,,,,,,,,,,,,,,,,,,,,,,,,,,,,,,,,,0.05853950811792352,,,,,,,,,,,,,,,,,,,,,,,,,,,,,,,1688.0
2864,,,,,,,,,,,,,,,,,,,,,,,,,,,,,,,,,,,,0.058501121555223246,,,,,,,,,,,,,,,,,,,,,,,,,,,,,,,1690.0
2960,,,,,,,,,,,,,,,,,,,,,,,,,,,,,,,,,,,,0.05853950811792352,,,,,,,,,,,,,,,,-3.6216887417218544E-4,,,,,,,,,,,,,,,1692.0
3060,,,,,,,,,,,,,,,,,,,,,,,,,,,,,,,,,,,,0.058501121555223246,,,,,,,,,,,,,,,,-3.6216887417218544E-4,,,,,,,,,,,,,,,1694.0
3160,,,,,,,,,,,,,,,,,,,,,,,,,,,,,,,,,,,,0.058501121555223246,,,,,,,,,,,,,,,,,,,,,,,,,,,,,,,1697.0
3260,,,,,,,,,,,,,,,,,,,,,,,,,,,,,,,,,,,,0.05853950811792352,,,,,,,,,,,,,,,,,,,,,,,,,,,,,,,1699.0
3360,,,,,,,,,,,,,,,,,,,,,,,,,,,,,,,,,,,,0.058501121555223246,,,,,,,,,,,,,,,,-3.6216887417218544E-4,,,,,,,,,,,,,,,1701.0
3461,,,,,,,,,,,,,,,,,,,,,,,,,,,,,,,,,,,,0.05853950811792352,,,,,,,,,,,,,,,,,,,,,,,,,,,,,,,1703.0
3561,,,,,,,,,,,,,,,,,,,,,,,,,,,,,,,,,,,,0.058501121555223246,,,,,,,,,,,,,,,,-3.6216887417218544E-4,,,,,,,,,,,,,,,1706.0
3661,,,,,,,,,,,,,,,,,,,,,,,,,,,,,,,,,,,,0.058501121555223246,,,,,,,,,,,,,,,,-3.619304483169042E-4,,,,,,,,,,,,,,,1708.0
3761,,,,,,,,,,,,,,,,,,,,,,,,,,,,,,,,,,,,,,,,,,,,,,,,,,,,-3.6240730002746666E-4,,,,,,,,,,,,,,,1710.0
3861,,,,,,,,,,,,,,,,,,,,,,,,,,,,,,,,,,,,0.058501121555223246,,,,,,,,,,,,,,,,-3.6240730002746666E-4,,,,,,,,,,,,,,,1712.0
3961,,,,,,,,,,,,,,,,,,,,,,,,,,,,,,,,,,,,0.058501121555223246,,,,,,,,,,,,,,,,-3.6216887417218544E-4,,,,,,,,,,,,,,,1715.0
4062,,,,,,,,,,,,,,,,,,,,,,,,,,,,,,,,,,,,,,,,,,,,,,,,,,,,,,,,,,,,,,,,,,,1717.0
4161,,,,,,,,,,,,,,,,,,,,,,,,,,,,,,,,,,,,0.05853950811792352,,,,,,,,,,,,,,,,,,,,,,,,,,,,,,,1719.0
4262,,,,,,,,,,,,,,,,,,,,,,,,,,,,,,,,,,,,0.05853950811792352,,,,,,,,,,,,,,,,-3.6216887417218544E-4,,,,,,,,,,,,,,,1721.0
4362,,,,,,,,,,,,,,,,,,,,,,,,,,,,,,,,,,,,0.058501121555223246,,,,,,,,,,,,,,,,-3.6216887417218544E-4,,,,,,,,,,,,,,,1724.0
4462,,,,,,,,,,,,,,,,,,,,,,,,,,,,,,,,,,,,0.05853950811792352,,,,,,,,,,,,,,,,,,,,,,,,,,,,,,,1726.0
4563,,,,,,,,,,,,,,,,,,,,,,,,,,,,,,,,,,,,0.058501121555223246,,,,,,,,,,,,,,,,-3.6240730002746666E-4,,,,,,,,,,,,,,,1728.0
4662,,,,,,,,,,,,,,,,,,,,,,,,,,,,,,,,,,,,0.058501121555223246,,,,,,,,,,,,,,,,-3.6240730002746666E-4,,,,,,,,,,,,,,,1730.0
4763,,,,,,,,,,,,,,,,,,,,,,,,,,,,,,,,,,,,0.05853950811792352,,,,,,,,,,,,,,,,-3.6216887417218544E-4,,,,,,,,,,,,,,,1733.0
4862,,,,,,,,,,,,,,,,,,,,,,,,,,,,,,,,,,,,0.058501121555223246,,,,,,,,,,,,,,,,-3.6216887417218544E-4,,,,,,,,,,,,,,,1735.0
4963,,,,,,,,,,,,,,,,,,,,,,,,,,,,,,,,,,,,0.058501121555223246,,,,,,,,,,,,,,,,-3.6240730002746666E-4,,,,,,,,,,,,,,,1737.0
5063,,,,,,,,,,,,,,,,,,,,,,,,,,,,,,,,,,,,0.05853950811792352,,,,,,,,,,,,,,,,-3.6216887417218544E-4,,,,,,,,,,,,,,,1739.0
5163,,,,,,,,,,,,,,,,,,,,,,,,,,,,,,,,,,,,0.05853950811792352,,,,,,,,,,,,,,,,,,,,,,,,,,,,,,,1742.0
5265,,,,,,,,,,,,,,,,,,,,,,,,,,,,,,,,,,,,0.058501121555223246,,,,,,,,,,,,,,,,-3.6240730002746666E-4,,,,,,,,,,,,,,,1744.0
5364,,,,,,,,,,,,,,,,,,,,,,,,,,,,,,,,,,,,0.05853950811792352,,,,,,,,,,,,,,,,-3.6216887417218544E-4,,,,,,,,,,,,,,,1746.0
5463,,,,,,,,,,,,,,,,,,,,,,,,,,,,,,,,,,,,0.05853950811792352,,,,,,,,,,,,,,,,,,,,,,,,,,,,,,,1748.0
5564,,,,,,,,,,,,,,,,,,,,,,,,,,,,,,,,,,,,0.05853950811792352,,,,,,,,,,,,,,,,-3.6240730002746666E-4,,,,,,,,,,,,,,,1751.0
5663,,,,,,,,,,,,,,,,,,,,,,,,,,,,,,,,,,,,0.05853950811792352,,,,,,,,,,,,,,,,-3.6240730002746666E-4,,,,,,,,,,,,,,,1753.0
5764,,,,,,,,,,,,,,,,,,,,,,,,,,,,,,,,,,,,0.058501121555223246,,,,,,,,,,,,,,,,-3.6240730002746666E-4,,,,,,,,,,,,,,,1755.0
5863,,,,,,,,,,,,,,,,,,,,,,,,,,,,,,,,,,,,0.05853950811792352,,,,,,,,,,,,,,,,-3.6240730002746666E-4,,,,,,,,,,,,,,,1757.0
5964,,,,,,,,,,,,,,,,,,,,,,,,,,,,,,,,,,,,,,,,,,,,,,,,,,,,-3.6240730002746666E-4,,,,,,,,,,,,,,,1760.0
6065,,,,,,,,,,,,,,,,,,,,,,,,,,,,,,,,,,,,,,,,,,,,,,,,,,,,-3.6216887417218544E-4,,,,,,,,,,,,,,,1762.0
6164,,,,,,,,,,,,,,,,,,,,,,,,,,,,,,,,,,,,0.05853950811792352,,,,,,,,,,,,,,,,-3.6240730002746666E-4,,,,,,,,,,,,,,,1764.0
6265,,,,,,,,,,,,,,,,,,,,,,,,,,,,,,,,,,,,0.05853950811792352,,,,,,,,,,,,,,,,-3.6240730002746666E-4,,,,,,,,,,,,,,,1766.0
6365,,,,,,,,,,,,,,,,,,,,,,,,,,,,,,,,,,,,0.058501121555223246,,,,,,,,,,,,,,,,-3.6216887417218544E-4,,,,,,,,,,,,,,,1769.0
6465,,,,,,,,,,,,,,,,,,,,,,,,,,,,,,,,,,,,0.05853950811792352,,,,,,,,,,,,,,,,-3.6216887417218544E-4,,,,,,,,,,,,,,,1771.0
6565,,,,,,,,,,,,,,,0.0,,,-15.0,,-2575.6600128783,,,,,36.9375,,0.0,0.0,,,-0.0,-0.0,,0.6875,,0.045488076799829094,,,,,-0.0,0.0,0.2332381007989247,8.000000190734863,,-0.043795620437956206,-8.0,-3.0978115407110263,-565.8669081032141,,,2.9665252483443707,,,,,,,,,,,,,,,1773.0
6665,,,,,,,,,,,,,,,352.5,,3969.8292973402145,-397.25,,-4457.3211499888575,12.0,,,-4264.392324093817,16.5,-0.3498571576860216,-1.9533690476190475,-67.0,-6.647285892232259,-1.7316545058342907,-1.916058394160584,-350.0,-23.34521345306834,16.90625,17.28125,-2.745842329935606,,,18.71875,-0.3498571576860216,-1.9825238095238094,68.0,6.647285892232259,228.00000610351563,-1.7316545058342907,-2.1295620437956204,-389.0,-25.135227524079554,-4591.368227731865,17.6875,17.3125,2.7106892986846525,,,,,,,,,,,,,,,1775.0
6766,,,,,,,,,,,,,,,806.5,,4818.11611659841,-870.5,,-5366.246310705661,-13.0,,,-5540.16620498615,10.90625,-1.0301349354637992,-3.848428571428571,-132.0,-15.39371410776774,-2.178626454451021,-4.368613138686132,-798.0,-30.329377034595712,11.28125,11.96875,-2.792713038270211,,,13.0625,-1.0301349354637992,-3.4402619047619045,118.0,15.626952558898923,536.0000061035156,-2.178626454451021,-4.658759124087592,-851.0,-25.920703384207037,-4734.848484848485,13.15625,13.03125,2.7731835764641257,,,,,,,,,,,,,,,1778.0
6867,,,,,,,,,,,,,,,1204.0,,4720.320981826764,-1425.25,,-5500.5500550055,-8.0,,,-5732.301519059903,5.34375,-2.011678423139784,-7.172071428571428,-246.0,-24.140141077677406,0.3012343620205645,-6.547445255474453,-1196.0,-31.38121269558341,0.6875,1.5,-2.929419270912809,,,1.25,-2.011678423139784,-6.676440476190476,229.0,24.023525588989255,824.0000610351562,0.3012343620205645,-7.6751824817518255,-1402.0,-28.88131128854933,-5275.6528620416775,3.5,2.34375,2.8981721320230722,,,,,,,,,,,,,,,1780.0
6966,,,,,,,,,,,,,,,1749.0,,6825.938566552902,-1941.75,,-4734.848484848485,1.0,,,-6825.938566552902,8.125,-2.254634831661648,-9.50445238095238,-326.0,-27.055617979939775,-2.5156017621287226,-9.53102189781022,-1741.0,-37.368276824194716,7.15625,4.3125,-2.8923132934812465,,,8.53125,-2.254634831661648,-10.087547619047617,346.0,27.055620471191403,928.000048828125,-2.5156017621287226,-10.527372262773723,-1923.0,-30.287427688766396,-5532.5034578146615,8.6875,8.34375,2.880595616397595,,,,,,,,,,,,,,,1782.0
7067,,,,,,,,,,,,,,,2286.0,,5554.012774229381,-2474.25,,-6863.417982155113,-11.0,,,-5537.098560354374,7.0625,-2.400408759816487,-12.944714285714285,-444.0,-29.038143568929033,-2.1402973472298563,-12.476277372262775,-2279.0,-30.31258335960424,3.4375,3.75,-2.894266239661855,,,7.96875,-2.400408759816487,-11.778523809523808,404.0,28.45504370422363,975.9998657226563,-2.1402973472298563,-13.439781021897812,-2455.0,-30.79860790292279,-5625.879043600563,8.71875,8.25,2.911842755287332,,,,,,,,,,,,,,,1784.0
7166,,,,,,,,,,,,,,,2676.0,,4548.555833522857,-3010.25,,-5112.474437627812,1.0,,,-4911.591355599215,6.5625,-2.4101269248114687,-15.277095238095237,-524.0,-28.804902626546223,-2.7146943145614038,-14.616788321167883,-2670.0,-26.88827384452125,4.625,2.28125,-2.905983916745506,,,5.90625,-2.4101269248114687,-15.160476190476189,520.0,28.221805253092445,967.999853515625,-2.7146943145614038,-16.36313868613139,-2989.0,-29.275147351575008,-5347.593582887701,8.875,7.15625,2.907936862926115,,,,,,,,,,,,,,,1787.0
7267,,,,,,,,,,,,,,,3070.0,,5544.774050457444,-3547.25,,-5129.520389843549,4.0,,,-5094.243504839531,8.15625,-2.4101267172071665,-18.746511904761903,-643.0,-28.921518115234374,-2.5176842139185642,-16.779197080291972,-3065.0,-27.88819436955948,8.375,5.8125,-2.9001250782036805,,,7.25,-2.4101267172071665,-18.54242857142857,636.0,28.338420741780595,971.9997314453125,-2.5176842139185642,-19.324817518248175,-3530.0,-31.48951713974418,-5752.085130859937,8.625,7.3125,2.902078024384289,,,,,,,,,,,,,,,1789.0
7367,,,,,,,,,,,,,,,3447.5,,5309.264666843642,-4069.5,,-5173.3057423693745,1.0,,,-5377.789728421619,7.78125,-2.4101265096028643,-21.049738095238094,-722.0,,-2.9356781181598706,-18.837591240875913,-3441.0,-29.4404547176366,7.0625,4.6875,-2.894266239661855,,,7.5625,-2.4101265096028643,-20.23340476190476,694.0,28.338420741780595,971.9997314453125,-2.9356781181598706,-22.187956204379564,-4053.0,-32.01434242540659,-5847.95321637427,8.875,6.28125,2.886454454939421,,,,,,,,,,,,,,,1791.0
7467,,,,,,,,,,,,,,,3996.75,,5298.013245033113,-4610.5,,-5439.216752787599,7.0,,,-4690.431519699813,6.53125,-2.4004081370035806,-24.51915476190476,-841.0,-28.804897644042967,-2.6577592750483183,-21.837591240875913,-3989.0,-25.677544815874892,7.75,2.625,-2.9040309705648975,,,6.0,-2.4004081370035806,-23.644511904761902,811.0,28.338420741780595,971.9997314453125,-2.6577592750483183,-25.12773722627737,-4590.0,-27.94513810487252,-5104.645227156713,8.90625,5.3125,2.8923132934812465,,,,,,,,,,,,,,,1793.0
7566,,,,,,,,,,,,,,,4549.25,,4528.985507246377,-5157.25,,-5257.6235541535225,-3.0,,,-4537.205081669692,8.4375,,-26.82238095238095,-920.0,,-2.6294200551126443,-24.87043795620438,-4543.0,-24.83871395074649,8.09375,5.90625,-2.888407401120029,,,6.84375,,-27.055619047619047,928.0,28.338420741780595,971.9997314453125,-2.6294200551126443,-28.105839416058394,-5134.0,-30.815944580605272,-5629.045876723896,6.84375,7.5625,2.8962191858424635,,,,,,,,,,,,,,,1796.0
7667,,,,,,,,,,,,,,,4937.0,,5361.930294906167,-5683.25,,-4753.981459472308,-2.0,,,-4743.833017077799,6.65625,-2.4101265096028643,-30.291797619047617,-1039.0,-28.921518115234374,-2.164157398301916,-26.989051094890513,-4930.0,-25.969888779622988,5.78125,3.0625,-2.905983916745506,,,6.21875,-2.4101265096028643,-28.746595238095235,986.0,28.221800270589192,967.9996826171875,-2.164157398301916,-31.007299270072995,-5664.0,-29.866080495060153,-5455.537370430988,3.59375,4.28125,2.911842755287332,,,,,,,,,,,,,,,1798.0
7767,,,,,,,,,,,,,,,5317.5,,5947.071067499257,-6211.0,,-4975.124378109454,-4.0,,,-6273.525721455458,6.5625,,-32.59502380952381,-1118.0,,-2.86200990942311,-29.06934306569343,-5310.0,-34.344118913077324,7.96875,2.09375,-2.894266239661855,,,6.6875,,-32.15770238095238,1103.0,28.338420741780595,971.9997314453125,-2.86200990942311,-33.886861313868614,-6190.0,-28.549948134260895,-5215.123859191656,7.15625,5.4375,2.894266239661855,,,,,,,,,,,,,,,1800.0
7867,,,,,,,,,,,,,,,5874.75,,5317.734645041212,-6757.0,,-5483.959418700302,0.0,,,-5180.00518000518,7.96875,-2.4101269248114687,-36.06444047619047,-1237.0,-28.921523097737627,-2.363141049272436,-32.12408759124088,-5868.0,-28.357692591269235,7.90625,4.5625,-2.8923132934812465,,,8.28125,-2.4101269248114687,-35.56880952380952,1220.0,28.338420741780595,971.9997314453125,-2.363141049272436,-36.88138686131387,-6737.0,-32.50862562199838,-5938.242280285036,5.875,8.03125,2.8825485625782035,,,,,,,,,,,,,,,1802.0
7967,,,,,,,,,,,,,,,6413.75,,5535.566011624689,-7292.5,,-5585.032113934655,3.0,,,-5277.0448548812665,7.96875,,-38.39682142857143,-1317.0,,-2.407410973942184,-35.06934306569343,-6406.0,-28.888931687306204,4.46875,5.125,-2.9040309705648975,,,7.9375,,-37.25978571428571,1278.0,28.338420741780595,971.9997314453125,-2.407410973942184,-39.815693430656935,-7273.0,-25.129458594191078,-4590.3144365389035,5.125,7.40625,2.8981721320230722,,,,,,,,,,,,,,,1805.0
8067,,,,,,,,,,,,,,,6955.25,,5762.028233938347,-7818.25,,-5546.311702717693,2.0,,,-5361.930294906167,6.8125,-2.4004085522121854,-41.83708333333333,-1435.0,-28.804902626546223,-2.4461360834425943,-38.02007299270073,-6945.0,-29.35363300131113,5.3125,4.375,-2.884501508758812,,,6.53125,-2.4004085522121854,-40.67089285714285,1395.0,28.338418250528967,971.9996459960937,-2.4461360834425943,-42.7007299270073,-7800.0,-28.29174446896396,-5167.958656330749,7.84375,6.28125,2.911842755287332,,,,,,,,,,,,,,,1807.0
8167,,,,,,,,,,,,,,,7490.25,,5427.40841248304,-8359.75,,-6832.934745473181,0.0,,,-4706.9898799717585,7.0625,-2.4004081370035806,-44.14030952380952,-1514.0,-28.804897644042967,-2.1473493977973352,-40.97080291970803,-7484.0,-25.76819277356802,6.375,3.28125,-2.902078024384289,,,7.09375,-2.4004081370035806,-44.05284523809524,1511.0,28.338420741780595,971.9997314453125,-2.1473493977973352,-45.62408759124088,-8334.0,-30.237241395992964,-5523.336095001381,6.59375,6.21875,2.905983916745506,,,,,,,,,,,,,,,1809.0
8267,,,,,,,,,,,,,,,8039.5,,4404.316229905307,-8890.0,,-5555.555555555556,-2.0,,,-3994.407829039345,7.9375,,-47.580571428571425,-1632.0,,-1.8222663453646648,-43.98175182481752,-8034.0,-21.867196144375978,5.25,4.6875,-2.8923132934812465,,,8.1875,,-45.74382142857142,1569.0,,,-1.8222663453646648,-48.558394160583944,-8870.0,-28.896556108442997,-5278.437582475587,8.8125,8.84375,2.8825485625782035,,,,,,,,,,,,,,,1811.0
8368,,,,,,,,,,,,,,,8502.5,,657.7432827967244,-9423.75,,-5649.717514124294,0.0,,,-657.7432827967244,7.09375,-2.390689764404297,-49.88379761904761,-1711.0,-28.68827717285156,-0.30006536623938157,-46.54379562043796,-8502.0,-3.600784394872579,4.8125,3.75,-2.8962191858424635,,,7.09375,-2.390689764404297,-49.12577380952381,1685.0,28.221800270589192,967.9996826171875,-0.30006536623938157,-51.487226277372265,-9405.0,-31.30047201111793,-5717.552887364208,8.75,7.53125,2.884501508758812,,,,,,,,,,,,,,,1814.0
8468,,,,,,,,,,,,,,,8815.75,,884.8774444739404,-9951.5,,-5526.38850511191,7.0,,,-1093.7927262783703,8.03125,-2.4004085522121854,-53.35321428571428,-1830.0,-28.804902626546223,-0.49899303206130036,-48.25182481751825,-8814.0,-5.9879163847356045,2.59375,4.78125,-2.9040309705648975,,,6.8125,-2.4004085522121854,-52.53688095238095,1802.0,28.221805253092445,967.999853515625,-0.49899303206130036,-54.36678832116789,-9931.0,-24.341718784991226,-4446.42063139173,8.78125,7.8125,2.886454454939421,,,,,,,,,,,,,,,1816.0
8568,,,,,,,,,,,,,,,9290.5,,1512.287334593573,-10479.75,,-5585.032113934655,-6.0,,,-1512.287334593573,6.90625,-2.400408759816487,-55.65644047619047,-1909.0,-28.804905117797848,-0.689912105197798,-50.85766423357664,-9290.0,-8.278945262373576,3.21875,3.53125,-2.8962191858424635,,,7.1875,-2.400408759816487,-54.22785714285714,1860.0,28.221805253092445,967.999853515625,-0.689912105197798,-57.29562043795621,-10466.0,-30.48984992895865,-5569.47925368978,8.34375,5.5,2.894266239661855,,,,,,,,,,,,,,,1818.0
8669,,,,,,,,,,,,,,,9739.5,,5312.084993359894,-11030.0,,-5644.933672029354,11.0,,,-5488.474204171241,7.375,-2.4004085522121854,-59.125857142857136,-2028.0,-28.804902626546223,-2.503865969056223,-53.27189781021898,-9731.0,-30.046391628674677,2.875,3.75,-2.905983916745506,,,6.625,-2.4004085522121854,-57.63896428571428,1977.0,28.338420741780595,971.9997314453125,-2.503865969056223,-60.27919708029197,-11011.0,-31.45333269028742,-5745.475438092502,8.5625,6.03125,2.907936862926115,,,,,,,,,,,,,,,1820.0
8768,,,,,,,,,,,,,,,10284.0,,4546.4878381450335,-11566.25,,-5707.762557077625,2.0,,,-4598.758335249483,8.0,,-61.42908333333333,-2107.0,,-2.0979736930882678,-56.26642335766424,-10278.0,-25.175684317059215,5.5625,5.34375,-2.894266239661855,,,7.34375,,-61.02091666666666,2093.0,,,-2.0979736930882678,-63.21897810218979,-11548.0,-34.95819000475432,-6385.696040868455,8.96875,7.40625,2.902078024384289,,,,,,,,,,,,,,,1823.0
8869,,,,,,,,,,,,,,,10835.0,,5506.607929515419,-12097.75,,-5320.563979781858,15.0,,,-6642.311524410495,7.34375,-2.4101271324157714,-64.8985,-2226.0,-28.921525588989255,-3.0302516078515036,-59.28832116788321,-10830.0,-36.36301929421804,5.6875,2.53125,-2.909889809106723,,,8.03125,-2.4101271324157714,-62.74104761904761,2152.0,28.338420741780595,971.9997314453125,-3.0302516078515036,-66.12043795620438,-12078.0,-36.92716731699512,-6745.362563237774,8.1875,8.25,2.8825485625782035,,,,,,,,,,,,,,,1825.0
8968,,,,,,,,,,,,,,,11223.25,,5132.152938157557,-12629.5,,-5474.952094169176,9.0,,,-4686.035613870666,6.625,-2.4004085522121854,-67.20172619047618,-2305.0,-28.804902626546223,-2.137789969831508,-61.40693430656935,-11217.0,-25.653479637978098,5.46875,2.8125,-2.8923132934812465,,,7.28125,-2.4004085522121854,-66.12299999999999,2268.0,,,-2.137789969831508,-69.02737226277372,-12609.0,-30.087675486367274,-5496.015388843089,7.09375,6.3125,2.884501508758812,,,,,,,,,,,,,,,1827.0
9071,,,,,,,,,,,,,,,11612.75,,4785.833931562575,-13170.0,,-5077.430820005077,-2.0,,,-4691.531785127845,8.21875,-2.4198450898064503,-70.67114285714285,-2424.0,-29.038141077677405,-2.1402973472298563,-63.541970802919714,-11607.0,-25.683568166758278,6.125,5.65625,-2.8962191858424635,,,7.25,-2.4198450898064503,-69.53410714285714,2385.0,28.221802761840816,967.9997680664062,-2.1402973472298563,-72.00547445255475,-13153.0,-30.894201776210643,-5643.340857787811,7.6875,5.75,2.894266239661855,,,,,,,,,,,,,,,1829.0
9169,,,,,,,,,,,,,,,12150.25,,4270.7666026051675,-13698.0,,-4930.966469428008,11.0,,,-4663.091629750525,7.875,-2.4004085522121854,-72.97436904761904,-2503.0,-28.804902626546223,-2.127322823791298,-66.47627737226277,-12143.0,-25.527873885495573,7.9375,4.875,-2.8962191858424635,,,7.71875,-2.4004085522121854,-71.22508333333333,2443.0,28.221800270589192,967.9996826171875,-2.127322823791298,-74.86861313868613,-13676.0,-27.061060577086142,-4943.1537320810685,6.75,7.59375,2.905983916745506,,,,,,,,,,,,,,,1832.0
9269,,,,,,,,,,,,,,,12690.5,,5558.6436909394115,-14228.5,,-5638.567803777841,-6.0,,,-5630.6306306306315,7.375,-2.390690179612901,-76.44378571428571,-2622.0,-28.688282155354816,-2.5687183533898867,-69.43248175182482,-12683.0,-30.82462024067864,7.78125,4.09375,-2.9040309705648975,,,7.875,-2.390690179612901,-74.6070357142857,2559.0,28.221800270589192,967.9996826171875,-2.5687183533898867,-77.78102189781022,-14208.0,-25.93298225838241,-4737.09142586452,6.6875,6.78125,2.9001250782036805,,,,,,,,,,,,,,,1834.0
9369,,,,,,,,,,,,,,,13209.75,,4940.711462450593,-14765.0,,-3526.093088857546,5.0,,,-5209.690023443605,6.1875,-2.4004083446078828,-78.71785714285714,-2700.0,-28.804900135294595,-2.3766834048556595,-72.27919708029198,-13203.0,-28.520200858267913,7.09375,2.28125,-2.890360347300638,,,6.90625,-2.4004083446078828,-78.01814285714285,2676.0,28.221800270589192,967.9996826171875,-2.3766834048556595,-80.72627737226277,-14746.0,-31.399211670459,-5735.589331803843,7.5,5.0625,2.894266239661855,,,,,,,,,,,,,,,1836.0
9470,,,,,,,,,,,,,,,13615.25,,5982.650314089142,-15298.5,,-5443.658138268917,0.0,,,-5975.500448162534,6.03125,-2.4004081370035806,-82.21642857142857,-2820.0,-28.804897644042967,-2.7260494745267034,-74.50182481751825,-13609.0,-32.71259369432044,7.0,1.625,-2.909889809106723,,,7.1875,-2.4004081370035806,-79.70911904761904,2734.0,28.338420741780595,971.9997314453125,-2.7260494745267034,-83.6551094890511,-15281.0,-31.50764060284619,-5755.395683453237,6.78125,5.59375,2.8825485625782035,,,,,,,,,,,,,,,1838.0
9569,,,,,,,,,,,,,,,14177.25,,3639.0101892285297,-15834.75,,-4589.261128958238,3.0,,,-4520.795660036167,7.84375,-2.419844882202148,-84.54880952380951,-2900.0,-29.038138586425777,-2.0624067792135796,-77.58394160583941,-14172.0,-24.748881350562957,5.9375,4.65625,-2.886454454939421,,,7.65625,-2.419844882202148,-83.14938095238095,2852.0,28.455038721720374,975.9996948242188,-2.0624067792135796,-86.58941605839416,-15817.0,-25.762129669386006,-4705.882352941177,8.9375,8.4375,2.888407401120029,,,,,,,,,,,,,,,1841.0
9671,,,,,,,,,,,,,,,14723.75,,5049.229992426155,-16375.5,,-4912.7978383689515,-5.0,,,-5299.4170641229475,5.71875,,-87.98907142857142,-3018.0,,-2.417617273778717,-80.56751824817519,-14717.0,-29.011407285344603,5.3125,1.6875,-2.9001250782036805,,,5.125,,-86.53133333333332,2968.0,28.455041212972002,975.9997802734375,-2.417617273778717,-89.5456204379562,-16357.0,-35.21680639912851,-6432.93663557414,8.875,6.46875,2.9040309705648975,,,,,,,,,,,,,,,1843.0
9770,,,,,,,,,,,,,,,15259.25,,5521.811154058531,-16900.5,,-4590.3144365389035,-1.0,,,-4688.232536333802,7.21875,-2.4101265096028643,-90.32145238095238,-3098.0,-28.921518115234374,-2.1387922154807493,-83.4963503649635,-15252.0,-25.66550658576899,5.6875,3.4375,-2.8981721320230722,,,8.3125,-2.4101265096028643,-88.22230952380951,3026.0,28.455041212972002,975.9997802734375,-2.1387922154807493,-92.40328467153284,-16879.0,-36.48418896864062,-6664.445184938354,8.875,8.125,2.8923132934812465,,,,,,,,,,,,,,,1845.0
9870,,,,,,,,,,,,,,,15806.5,,6110.601894286588,-17443.25,,-7022.47191011236,-10.0,,,-5099.439061703213,6.28125,,-93.79086904761904,-3217.0,,-2.326386433258765,-86.4963503649635,-15800.0,-27.916637199105182,1.75,1.875,-2.8923132934812465,,,6.84375,,-91.63341666666666,3143.0,28.221802761840816,967.9997680664062,-2.326386433258765,-95.37043795620438,-17421.0,-27.94513810487252,-5104.645227156713,7.90625,6.6875,2.890360347300638,,,,,,,,,,,,,,,1847.0
9970,,,,,,,,,,,,,,,16349.75,,6544.502617801047,-17972.75,,-5477.951246233909,0.0,,,-6287.331027978624,7.46875,,-96.09409523809524,-3296.0,,-2.8683079507201756,-89.4580291970803,-16341.0,-34.419695408642106,7.125,3.875,-2.9001250782036805,,,5.75,,-95.01536904761903,3259.0,28.221805253092445,967.999853515625,-2.8683079507201756,-98.28832116788321,-17954.0,-28.052536790902,-5124.263387138099,8.3125,3.90625,2.888407401120029,,,,,,,,,,,,,,,1850.0
10071,,,,,,,,,,,,,,,16890.5,,6022.282445046672,-18499.5,,-4982.5610363726955,6.0,,,-6811.989100817439,8.0625,-2.390689764404297,-99.50520238095237,-3413.0,-28.68827717285156,-3.1076592613218246,-92.42518248175183,-16883.0,-37.291911135861895,7.96875,3.875,-2.890360347300638,,,8.40625,-2.390689764404297,-96.70634523809522,3317.0,28.221805253092445,967.999853515625,-3.1076592613218246,-101.17883211678833,-18482.0,-28.775046279866103,-5256.241787122208,8.75,8.375,2.880595616397595,,,,,,,,,,,,,,,1852.0
10170,,,,,,,,,,,,,,,17412.25,,4764.17341591234,-19035.75,,-5197.505197505197,-4.0,,,-5502.063273727648,8.65625,-2.3809718070136174,-101.80842857142856,-3492.0,-28.57166168416341,-2.5100653621020297,-95.27189781021899,-17403.0,-30.120784345224354,5.09375,6.75,-2.884501508758812,,,5.9375,-2.3809718070136174,-100.08829761904761,3433.0,28.221805253092445,967.999853515625,-2.5100653621020297,-104.08576642335767,-19013.0,-29.35363300131113,-5361.930294906167,7.875,6.90625,2.886454454939421,,,,,,,,,,,,,,,1854.0
10270,,,,,,,,,,,,,,,17787.5,,2796.4205816554813,-19579.0,,-5465.9743099207435,6.0,,,-2134.699541039599,7.84375,-2.3809718070136174,-105.24869047619046,-3610.0,-28.57166168416341,-0.97385927967135,-97.35766423357664,-17784.0,-11.6863113560562,3.15625,6.625,-2.8766897240363782,,,8.125,-2.3809718070136174,-103.49940476190476,3550.0,28.221805253092445,967.999853515625,-0.97385927967135,-107.0638686131387,-19557.0,-36.58170768289025,-6682.258603407951,8.53125,8.3125,2.890360347300638,,,,,,,,,,,,,,,1856.0
10371,,,,,,,,,,,,,,,18195.5,,7487.832272557095,-20094.0,,-4017.6777822418644,-1.0,,,-7212.40533717995,8.34375,-2.390689764404297,-107.55191666666666,-3689.0,-28.68827717285156,-3.290330901998152,-99.55291970802921,-18185.0,-39.48397082397783,4.75,6.625,-2.890360347300638,,,8.21875,-2.390689764404297,-105.19038095238095,3608.0,28.338423233032223,971.9998168945312,-3.290330901998152,-109.89963503649635,-20075.0,-28.357692591269235,-5180.00518000518,8.90625,7.53125,2.9001250782036805,,,,,,,,,,,,,,,1859.0
10470,,,,,,,,,,,,,,,18732.0,,4455.335263978614,-20624.75,,-4949.269982677555,4.0,,,-4509.5828635851185,8.5,-2.390690179612901,-110.9630238095238,-3806.0,-28.688282155354816,-2.0572914523654737,-102.514598540146,-18726.0,-24.687497428385687,6.4375,6.78125,-2.8708308854945526,,,8.40625,-2.390690179612901,-108.54317857142856,3723.0,28.221800270589192,967.9996826171875,-2.0572914523654737,-112.80109489051095,-20605.0,-30.981621702006372,-5659.309564233164,8.78125,8.96875,2.8923132934812465,,,,,,,,,,,,,,,1861.0
10571,,,,,,,,,,,,,,,19260.75,,4546.4878381450335,-21159.0,,-5515.7198014340875,4.0,,,-5059.448520111308,7.46875,-2.3712534344143337,-113.23709523809522,-3884.0,-28.455041212972002,-2.3081425730434804,-105.41605839416059,-19256.0,-27.697710876521764,6.59375,5.09375,-2.8923132934812465,,,7.625,-2.3712534344143337,-111.89597619047618,3838.0,28.105179799397785,963.9996337890625,-2.3081425730434804,-115.74087591240877,-21142.0,-29.47215372675384,-5383.580080753702,7.0625,6.8125,2.902078024384289,,,,,,,,,,,,,,,1863.0
10672,,,,,,,,,,,,,,,19634.75,,4737.09142586452,-21693.25,,-6329.113924050634,3.0,,,-4011.231448054553,8.8125,-2.3712534344143337,-116.64820238095237,-4001.0,-28.455041212972002,-1.8299413540394858,-107.44160583941607,-19626.0,-21.95929624847383,8.375,6.125,-2.894266239661855,,,7.5,-2.3712534344143337,-113.58695238095237,3896.0,27.988564310709634,959.999755859375,-1.8299413540394858,-118.62591240875913,-21669.0,-31.043110602463994,-5670.541536716756,9.03125,6.5,2.894266239661855,,,,,,,,,,,,,,,1865.0
10772,,,,,,,,,,,,,,,20026.5,,4263.483265828182,-22210.75,,-4634.994206257243,9.0,,,-5424.464334147004,8.65625,,-118.9222738095238,-4079.0,,-2.4746643860159687,-109.59306569343066,-20019.0,-29.695972632191626,8.15625,6.09375,-2.9001250782036805,,,7.65625,,-116.96890476190475,4012.0,28.10518478190104,963.9998046875,-2.4746643860159687,-121.48357664233578,-22191.0,-27.775000277750003,-5073.566717402334,7.53125,7.75,2.8962191858424635,,,,,,,,,,,,,,,1868.0
10871,,,,,,,,,,,,,,,20566.25,,5605.3811659192825,-22739.75,,-5757.052389176742,-3.0,,,-5119.0171487074485,8.125,-2.3712534344143337,-122.33338095238094,-4196.0,-28.455041212972002,-2.3353180422935442,-112.54927007299271,-20559.0,-28.02381650752253,9.125,5.59375,-2.890360347300638,,,8.1875,-2.3712534344143337,-120.35085714285714,4128.0,28.105187273152666,963.9998901367187,-2.3353180422935442,-124.38503649635037,-22721.0,-25.123692311815173,-4589.261128958238,8.84375,8.9375,2.8786426702169865,,,,,,,,,,,,,,,1870.0
10972,,,,,,,,,,,,,,,21092.0,,5367.686527106817,-23269.0,,-5125.576627370579,-5.0,,,-4546.4878381450335,7.375,,-124.63660714285713,-4275.0,,-2.074127663387333,-115.43430656934306,-21086.0,-24.889531960647993,8.53125,4.625,-2.8981721320230722,,,7.6875,,-122.04183333333332,4186.0,28.10518478190104,963.9998046875,-2.074127663387333,-127.27007299270073,-23248.0,-30.129072948511425,-5503.57732526142,8.8125,7.6875,2.8825485625782035,,,,,,,,,,,,,,,1872.0
11072,,,,,,,,,,,,,,,21484.25,,5440.69640914037,-23809.25,,-4589.261128958238,7.0,,,-4746.08448030375,6.84375,-2.3809715994093152,-128.07686904761903,-4393.0,-28.57165919291178,-2.1651845256860174,-117.56934306569343,-21476.0,-25.98221430823221,7.03125,3.46875,-2.890360347300638,,,6.71875,-2.3809715994093152,-125.39463095238094,4301.0,28.10518478190104,963.9998046875,-2.1651845256860174,-130.22627737226279,-23788.0,-29.25950055983178,-5344.735435595938,8.875,7.5,2.8786426702169865,,,,,,,,,,,,,,,1874.0
11172,,,,,,,,,,,,,,,22038.5,,5002.501250625313,-24339.75,,-5090.353779587681,5.0,,,-4746.08448030375,7.125,-2.390690179612901,-130.38009523809524,-4472.0,-28.688282155354816,-2.1651845256860174,-120.60766423357664,-22031.0,-25.98221430823221,5.3125,3.78125,-2.890360347300638,,,7.875,-2.390690179612901,-128.77658333333332,4417.0,28.10518478190104,963.9998046875,-2.1651845256860174,-133.14963503649636,-24322.0,-30.095945875450937,-5497.526113249038,8.59375,8.6875,2.8766897240363782,,,,,,,,,,,,,,,1877.0
11272,,,,,,,,,,,,,,,22561.5,,5538.6319579063975,-24856.0,,-5080.010160020321,1.0,,,-5069.708491761724,7.3125,-2.390690179612901,-133.82035714285712,-4590.0,-28.688282155354816,-2.312823217044582,-123.49270072992701,-22558.0,-27.753878604534986,6.34375,4.28125,-2.894266239661855,,,8.34375,-2.390690179612901,-130.4675595238095,4475.0,,,-2.312823217044582,-136.0182481751825,-24846.0,-28.0094784074931,-5116.398055768739,8.71875,7.3125,2.880595616397595,,,,,,,,,,,,,,,1879.0
11373,,,,,,,,,,,,,,,23113.0,,4540.295119182747,-25399.25,,-5486.9684499314135,-4.0,,,-5563.282336578582,8.375,-2.4004083446078828,-136.12358333333333,-4669.0,-28.804900135294595,-2.5379937666873094,-126.48722627737227,-23105.0,-30.455925200247712,7.96875,6.90625,-2.872783831675161,,,7.6875,-2.4004083446078828,-133.8495119047619,4591.0,28.221802761840816,967.9997680664062,-2.5379937666873094,-138.93613138686132,-25379.0,-23.405098566671768,-4275.331338178709,8.625,8.46875,2.8669249931333356,,,,,,,,,,,,,,,1881.0
11473,,,,,,,,,,,,,,,23636.5,,6088.280060882801,-25932.5,,-5046.681806712087,7.0,,,-4734.848484848485,6.875,-2.3809713918050126,-139.53469047619046,-4786.0,-28.571656701660153,-2.1600586153505863,-129.3558394160584,-23629.0,-25.920703384207037,3.90625,2.6875,-2.894266239661855,,,6.3125,-2.3809713918050126,-137.2023095238095,4706.0,27.988564310709634,959.999755859375,-2.1600586153505863,-141.85401459854015,-25912.0,-35.171555122033574,-6424.6707356248,6.28125,5.125,2.880595616397595,,,,,,,,,,,,,,,1883.0
11572,,,,,,,,,,,,,,,24028.0,,5785.363031530229,-26437.0,,-5646.527385657821,5.0,,,-5693.13976658127,8.96875,-2.3809713918050126,-141.83791666666664,-4865.0,-28.571656701660153,-2.597235294973207,-131.5182481751825,-24024.0,-31.166823539678486,6.40625,6.84375,-2.890360347300638,,,7.90625,-2.3809713918050126,-138.8932857142857,4764.0,27.988566801961262,959.9998413085938,-2.597235294973207,-144.67335766423358,-26427.0,-26.30051671748511,-4804.227720393947,9.0,8.46875,2.8747367778557695,,,,,,,,,,,,,,,1886.0
11675,,,,,,,,,,,,,,,24573.25,,4684.9379245724995,-26982.5,,-5813.9534883720935,-3.0,,,-4747.211013529552,8.8125,-2.3809718070136174,-145.2490238095238,-4982.0,-28.57166168416341,-2.1656984550773504,-134.49087591240877,-24567.0,-25.988381460928203,5.5,5.75,-2.8786426702169865,,,8.0,-2.3809718070136174,-142.24608333333333,4879.0,28.10518478190104,963.9998046875,-2.1656984550773504,-147.59671532846716,-26961.0,-32.24059219519744,-5889.281507656066,8.84375,8.1875,2.880595616397595,,,,,,,,,,,,,,,1888.0
11773,,,,,,,,,,,,,,,25111.25,,5738.880918220948,-27520.75,,-5934.718100890208,-3.0,,,-5169.294391315586,6.8125,-2.3809718070136174,-147.52309523809524,-5060.0,-28.57166168416341,-2.35825474056368,-137.42518248175182,-25103.0,-28.29905688676416,3.15625,1.9375,-2.8962191858424635,,,7.21875,-2.3809718070136174,-145.59888095238094,4994.0,27.988564310709634,959.999755859375,-2.35825474056368,-150.5529197080292,-27501.0,-32.3644845092789,-5911.912503694945,7.6875,6.71875,2.886454454939421,,,,,,,,,,,,,,,1890.0
11873,,,,,,,,,,,,,,,25515.5,,-36.0045077643721,-28058.0,,-4732.60766682442,5.0,,,86.77429571812239,7.5625,-2.390689972008599,-150.9925119047619,-5179.0,-28.688279664103188,0.03958681374001934,-139.68065693430657,-25515.0,0.4750417648802321,3.84375,3.40625,-2.894266239661855,,,8.21875,-2.390689972008599,-147.31901190476188,5053.0,28.105182290649413,963.9997192382813,0.03958681374001934,-153.50912408759126,-28041.0,-31.726760676583748,-5795.421616922631,7.96875,7.90625,2.894266239661855,,,,,,,,,,,,,,,1892.0
11976,,,,,,,,,,,,,,,26023.25,,5282.620179609086,-28576.25,,-4590.3144365389035,0.0,,,-5010.0200400801605,7.8125,-2.4004081370035806,-153.29573809523808,-5258.0,-28.804897644042967,-2.2855930839781755,-142.42335766423358,-26016.0,-27.427117007738104,4.90625,5.375,-2.894266239661855,,,8.71875,-2.4004081370035806,-150.67180952380951,5168.0,28.105179799397785,963.9996337890625,-2.2855930839781755,-156.3558394160584,-28561.0,-30.79860790292279,-5625.879043600563,9.03125,8.65625,2.886454454939421,,,,,,,,,,,,,,,1895.0
12075,,,,,,,,,,,,,,,26589.0,,4273.504273504273,-29116.75,,-5534.034311012728,8.0,,,-5007.51126690035,8.375,-2.390690179612901,-156.736,-5376.0,-28.688282155354816,-2.284448570666218,-145.51642335766425,-26581.0,-27.41338284799462,8.1875,6.9375,-2.894266239661855,,,7.9375,-2.390690179612901,-154.0537619047619,5284.0,28.105182290649413,963.9997192382813,-2.284448570666218,-159.27919708029196,-29095.0,-29.988784194711183,-5477.951246233909,8.84375,7.84375,2.8923132934812465,,,,,,,,,,,,,,,1897.0
12173,,,,,,,,,,,,,,,27116.25,,4679.457182966776,-29649.75,,-5625.879043600563,11.0,,,-4679.457182966776,8.4375,-2.3809718070136174,-159.01007142857142,-5454.0,-28.57166168416341,-2.1347888608425074,-148.4124087591241,-27110.0,-25.617466330110087,8.09375,5.71875,-2.8923132934812465,,,6.875,-2.3809718070136174,-155.7447380952381,5342.0,28.105179799397785,963.9996337890625,-2.1347888608425074,-162.20255474452554,-29629.0,-25.90843613225048,-4732.60766682442,8.625,8.71875,2.894266239661855,,,,,,,,,,,,,,,1899.0
12273,,,,,,,,,,,,,,,27501.0,,4775.549188156639,-30180.75,,-4731.488052992667,6.0,,,-4021.7172732756885,7.59375,-2.3809718070136174,-162.42117857142856,-5571.0,-28.57166168416341,-1.83472503342869,-150.50912408759126,-27493.0,-22.01670040114428,5.21875,4.875,-2.890360347300638,,,4.90625,-2.3809718070136174,-159.12669047619048,5458.0,28.221800270589192,967.9996826171875,-1.83472503342869,-165.10401459854015,-30159.0,-25.93298225838241,-4737.09142586452,6.75,6.125,2.8923132934812465,,,,,,,,,,,,,,,1901.0
12374,,,,,,,,,,,,,,,27885.5,,11540.68090017311,-30697.5,,-4739.336492890996,6.0,,,-0.0,8.15625,-2.371253642018636,-164.69525,-5649.0,-28.45504370422363,-0.0,-152.6167883211679,-27878.0,-0.0,8.96875,5.0,-2.890360347300638,,,7.46875,-2.371253642018636,-162.47948809523808,5573.0,28.105179799397785,963.9996337890625,-0.0,-167.9616788321168,-30681.0,-27.297195486135756,-4986.287708800798,8.8125,7.84375,2.880595616397595,,,,,,,,,,,,,,,1904.0
12474,,,,,,,,,,,,,,,28422.25,,4684.9379245724995,-31230.0,,-4591.368227731865,3.0,,,-5186.721991701245,8.84375,-2.3809718070136174,-168.1355119047619,-5767.0,-28.57166168416341,-2.3662052881848745,-155.55109489051097,-28414.0,-28.394463458218496,8.78125,7.53125,-2.8766897240363782,,,6.1875,-2.3809718070136174,-164.17046428571427,5631.0,28.10518478190104,963.9998046875,-2.3662052881848745,-170.8631386861314,-31211.0,-29.197080291970803,-5333.333333333333,8.3125,7.59375,2.8766897240363782,,,,,,,,,,,,,,,1906.0
12574,,,,,,,,,,,,,,,28950.0,,5115.089514066497,-31768.75,,-7415.647015202077,7.0,,,-6240.249609984399,7.84375,-2.371253226810031,-170.40958333333333,-5845.0,-28.455038721720374,-2.846829201635219,-158.44708029197082,-28943.0,-34.16195041962263,7.8125,4.25,-2.8825485625782035,,,7.34375,-2.371253226810031,-167.55241666666666,5747.0,28.10518478190104,963.9998046875,-2.846829201635219,-173.78649635036498,-31745.0,-28.52763186422369,-5211.047420531527,7.5,6.8125,2.8766897240363782,,,,,,,,,,,,,,,1908.0
12675,,,,,,,,,,,,,,,29487.0,,4697.040864255519,-32296.25,,-5446.623093681917,-4.0,,,-5725.737188663041,8.1875,-2.3809718070136174,-173.82069047619046,-5962.0,-28.57166168416341,-2.6121063816893435,-161.38686131386862,-29480.0,-31.345276580272124,8.90625,6.25,-2.880595616397595,,,8.4375,-2.3809718070136174,-170.93436904761904,5863.0,28.10518478190104,963.9998046875,-2.6121063816893435,-176.69890510948906,-32277.0,-25.521923332142315,-4662.004662004662,8.6875,8.75,2.864972046952727,,,,,,,,,,,,,,,1910.0
12775,,,,,,,,,,,,,,,29861.25,,5775.339301183945,-32812.0,,-5585.032113934655,-6.0,,,-6557.377049180328,7.875,-2.3712534344143337,-176.0947619047619,-6040.0,-28.455041212972002,-2.991504128275697,-163.42883211678833,-29853.0,-35.89804953930837,6.875,4.125,-2.888407401120029,,,7.25,-2.3712534344143337,-172.59619047619046,5920.0,27.988564310709634,959.999755859375,-2.991504128275697,-179.52372262773724,-32793.0,-28.790179094107422,-5259.006047856956,8.8125,8.15625,2.8708308854945526,,,,,,,,,,,,,,,1913.0
12875,,,,,,,,,,,,,,,30260.75,,5861.664712778429,-33350.0,,-5941.770647653001,2.0,,,-6355.258976803305,8.1875,-2.3809715994093152,-179.56417857142856,-6159.0,-28.57165919291178,-2.899296978468661,-165.60766423357666,-30251.0,-34.79156374162393,5.59375,4.5625,-2.884501508758812,,,8.53125,-2.3809715994093152,-175.9489880952381,6035.0,27.988561819458006,959.9996704101562,-2.899296978468661,-182.44708029197082,-33327.0,-31.11368317558696,-5683.432793407218,8.90625,8.90625,2.8747367778557695,,,,,,,,,,,,,,,1915.0
12975,,,,,,,,,,,,,,,30801.25,,6165.228113440198,-33881.0,,-4814.636494944632,-12.0,,,-5380.683346785042,8.0,-2.390689764404297,-181.83825,-6237.0,-28.68827717285156,-2.4546913078398913,-168.58029197080293,-30794.0,-29.456295694078698,4.78125,6.21875,-2.890360347300638,,,8.71875,-2.390689764404297,-179.3017857142857,6150.0,27.988564310709634,959.999755859375,-2.4546913078398913,-185.38138686131387,-33863.0,-27.23608236191307,-4975.124378109454,8.96875,8.8125,2.859113208410901,,,,,,,,,,,,,,,1917.0
13076,,,,,,,,,,,,,,,31333.25,,6116.207951070337,-34403.75,,-5558.6436909394115,5.0,,,-5105.948429920858,7.5625,-2.3809718070136174,-185.2785119047619,-6355.0,-28.57166168416341,-2.329356035547837,-171.49817518248176,-31327.0,-27.95227242657404,6.71875,4.4375,-2.894266239661855,,,8.09375,-2.3809718070136174,-180.9927619047619,6208.0,27.988564310709634,959.999755859375,-2.329356035547837,-188.2609489051095,-34389.0,-27.270000272700003,-4981.3200498132,8.90625,8.03125,2.8747367778557695,,,,,,,,,,,,,,,1919.0
13175,,,,,,,,,,,,,,,31709.5,,4829.751267809708,-34936.75,,-5010.0200400801605,0.0,,,-2782.802281897871,7.9375,-2.390690179612901,-187.58173809523808,-6434.0,-28.688282155354816,-1.2695265884570581,-173.56204379562044,-31704.0,-15.234319061484697,4.34375,6.0625,-2.8962191858424635,,,7.875,-2.390690179612901,-184.3455595238095,6323.0,27.988564310709634,959.999755859375,-1.2695265884570581,-191.12408759124088,-34912.0,-29.841660151237537,-5451.076587626057,8.0,7.15625,2.864972046952727,,,,,,,,,,,,,,,1922.0
13276,,,,,,,,,,,,,,,31969.0,,0.0,-35473.25,,-4876.859302609119,0.0,,,-0.0,7.8125,-2.390690179612901,-190.9928452380952,-6551.0,-28.688282155354816,-0.0,-175.01277372262774,-31969.0,-0.0,6.84375,4.96875,-2.894266239661855,,,8.40625,-2.390690179612901,-187.72751190476188,6439.0,28.10518478190104,963.9998046875,-0.0,-194.0912408759124,-35454.0,-29.75245953665503,-5434.782608695652,8.90625,7.875,2.8708308854945526,,,,,,,,,,,,,,,1924.0
13375,,,,,,,,,,,,,,,32478.0,,5959.4755661501795,-35992.5,,-5409.791723018664,-17.0,,,-5704.506560182544,8.5625,-2.390689972008599,-193.29607142857142,-6630.0,-28.688279664103188,-2.602420875995686,-177.7609489051095,-32471.0,-31.229050511948234,6.0625,4.90625,-2.884501508758812,,,8.1875,-2.390689972008599,-189.41848809523808,6497.0,28.105182290649413,963.9997192382813,-2.602420875995686,-196.94890510948906,-35976.0,-25.90843613225048,-4732.60766682442,8.6875,8.5,2.868877939313944,,,,,,,,,,,,,,,1926.0
13475,,,,,,,,,,,,,,,33023.5,,4546.4878381450335,-36521.25,,-4601.932811780948,4.0,,,-4712.53534401508,8.5,-2.3712534344143337,-196.70717857142856,-6747.0,-28.455041212972002,-2.1498792627806025,-180.75,-33017.0,-25.798551153367228,5.1875,5.4375,-2.884501508758812,,,8.0625,-2.3712534344143337,-192.7712857142857,6612.0,28.10518478190104,963.9998046875,-2.1498792627806025,-199.8284671532847,-36502.0,-25.57557839170533,-4671.80565288484,8.71875,8.5625,2.872783831675161,,,,,,,,,,,,,,,1928.0
13575,,,,,,,,,,,,,,,33417.75,,4159.73377703827,-37041.25,,-6018.657839301835,-7.0,,,-4385.003288752467,6.46875,-2.3809715994093152,-199.01040476190474,-6826.0,-28.57165919291178,-2.0004577047228405,-182.9014598540146,-33410.0,-24.005492456674087,3.96875,2.875,-2.9040309705648975,,,7.75,-2.3809715994093152,-196.12408333333332,6727.0,27.988564310709634,959.999755859375,-2.0004577047228405,-202.6587591240876,-37019.0,-23.958216869779108,-4376.36761487965,8.8125,8.34375,2.8708308854945526,,,,,,,,,,,,,,,1931.0
13676,,,,,,,,,,,,,,,33926.25,,5367.686527106817,-37570.0,,-5208.333333333333,9.0,,,-4842.615012106538,8.25,-2.390689764404297,-202.45066666666665,-6944.0,-28.68827717285156,-2.2092221770559024,-185.6934306569343,-33920.0,-26.51066612467083,7.40625,5.53125,-2.884501508758812,,,8.53125,-2.390689764404297,-197.8150595238095,6785.0,27.988564310709634,959.999755859375,-2.2092221770559024,-205.58211678832117,-37553.0,-31.43527163218217,-5742.176284811943,8.8125,8.53125,2.863019100772118,,,,,,,,,,,,,,,1933.0
13776,,,,,,,,,,,,,,,34333.5,,5621.135469364812,-38111.0,,-5622.71577171774,0.0,,,-6064.281382656155,6.34375,-2.4004081370035806,-204.75389285714283,-7023.0,-28.804897644042967,-2.766551725664305,-187.9160583941606,-34326.0,-33.198620707971656,5.15625,2.03125,-2.894266239661855,,,5.1875,-2.4004081370035806,-201.16785714285712,6900.0,,,-2.766551725664305,-208.53832116788323,-38093.0,-28.805327833436078,-5261.773217574323,8.6875,4.78125,2.884501508758812,,,,,,,,,,,,,,,1935.0
13877,,,,,,,,,,,,,,,34991.5,,3709.19881305638,-38639.75,,-5595.970900951315,0.0,,,-4943.1537320810685,6.4375,,-208.2233095238095,-7142.0,,-2.255088381423845,-190.992700729927,-34888.0,-27.061060577086142,7.6875,1.84375,-2.8923132934812465,,,6.96875,,-204.57896428571428,7017.0,28.105182290649413,963.9997192382813,-2.255088381423845,-211.45620437956205,-38626.0,-30.523850319177733,-5575.6899916364655,7.15625,5.1875,2.894266239661855,,,,,,,,,,,,,,,1938.0
13977,,,,,,,,,,,,,,,35422.75,,5306.447333510215,-39160.5,,-5213.764337851929,1.0,,,-5403.944879762226,8.78125,-2.4004081370035806,-210.5265357142857,-7221.0,-28.804897644042967,-2.46530332105941,-193.8941605839416,-35418.0,-29.58363985271292,8.78125,6.34375,-2.8786426702169865,,,8.09375,-2.4004081370035806,-206.26994047619047,7075.0,28.221800270589192,967.9996826171875,-2.46530332105941,-214.29744525547446,-39145.0,-28.343010896942925,-5177.323323841574,8.96875,8.71875,2.888407401120029,,,,,,,,,,,,,,,1941.0
14078,,,,,,,,,,,,,,,35905.0,,5538.6319579063975,-39705.75,,-4737.09142586452,1.0,,,-5662.514156285391,8.3125,-2.390689764404297,-213.93764285714283,-7338.0,-28.68827717285156,-2.583263757429467,-195.96350364963504,-35796.0,-30.999165089153603,7.90625,4.53125,-2.8962191858424635,,,7.65625,-2.390689764404297,-209.62273809523808,7190.0,28.105182290649413,963.9997192382813,-2.583263757429467,-217.24817518248176,-39684.0,-31.09600996730773,-5680.204487361545,9.0625,7.15625,2.8962191858424635,,,,,,,,,,,,,,,1942.0
14178,,,,,,,,,,,,,,,36286.25,,4691.531785127845,-40242.75,,-5698.005698005699,5.0,,,-5271.481286241434,7.28125,-2.3809718070136174,-216.21171428571427,-7416.0,-28.57166168416341,-2.404872849562698,-198.0602189781022,-36179.0,-28.858474194752375,8.15625,3.09375,-2.8962191858424635,,,7.625,-2.3809718070136174,-213.00469047619046,7306.0,28.10518478190104,963.9998046875,-2.404872849562698,-220.1934306569343,-40222.0,-27.852722232228576,-5087.763927753753,8.15625,7.03125,2.886454454939421,,,,,,,,,,,,,,,1944.0
14277,,,,,,,,,,,,,,,36836.25,,6341.154090044389,-40744.5,,-5259.006047856956,0.0,,,-4580.852038479157,7.21875,-2.390690179612901,-219.68113095238093,-7535.0,-28.688282155354816,-2.0898047620799076,-201.00547445255475,-36717.0,-25.07765714495889,7.75,3.84375,-2.8962191858424635,,,7.75,-2.390690179612901,-214.69566666666665,7364.0,,,-2.0898047620799076,-223.00182481751827,-40735.0,-28.782610697920745,-5257.6235541535225,8.125,7.96875,2.886454454939421,,,,,,,,,,,,,,,1946.0
14377,,,,,1108320.0,,,,,,,,,,166.75,,527.3566249176006,-135.25,,-389.6888334664771,-36.0,,,-566.7809674951116,0.125,-2.118578860897488,-0.1749285714285714,-6.0,-25.422946330769854,-0.2585679596236823,-0.843065693430657,-154.0,-3.1028155154841874,0.15625,0.09375,0.0,,,0.125,-2.118578860897488,-0.46647619047619043,16.0,24.023515623982746,823.9997192382813,-0.2585679596236823,-0.6678832116788321,-122.0,-3.3809613109835266,-617.5889328063241,0.125,0.125,0.0,,,,,,,,,,,,,,,1949.0
14478,,,,,,,,,,,,,,,178.5,,174.6450339684591,-141.75,,-224.32590066849122,-2.0,,,-108.41107310700714,0.125,-1.3508367677476671,-0.583095238095238,-20.0,-16.210041212972005,-0.04945760634443757,-0.9635036496350365,-176.0,-0.5934912761332508,,,,,,,-1.3508367677476671,-0.7580238095238094,26.0,14.577374546305338,499.9997802734375,-0.04945760634443757,-0.7554744525547445,-138.0,0.23641922095831808,43.1859110283861,0.125,,,,,,,,,,,,,,,,,1951.0
14577,,,,,,,,,,,,,,,120.0,,-2239.8924851607126,-58.75,,2218.278615794144,33.0,,,476.97407645894447,,-0.18464679573906792,-0.61225,-21.0,-2.215761548868815,0.21759766261813163,-0.7773722627737226,-142.0,2.6111719514175795,,,,,,,-0.18464679573906792,-0.8163333333333332,28.0,1.6326691579182941,56.00008544921875,0.21759766261813163,-0.5255474452554745,-96.0,8.630699282271049,1576.5410688948448,0.125,,,,,,,,,,,,,,,,,1953.0
14677,,,,,,,,,,,,,,,65.5,,-43.863977804827236,-14.75,,-167.21429347780648,6.0,,,58.960525927891275,,-0.03887286758422851,-0.5539404761904761,-19.0,-0.46647441101074216,0.026898050149585438,-0.3558394160583942,-65.0,0.32277660179502526,,,,,,,-0.03887286758422851,-0.7580238095238094,26.0,0.23323595987955728,7.9999267578125,0.026898050149585438,-0.060218978102189784,-11.0,0.0,0.0,,,,,,,,,,,,,,,,,,1955.0
14777,,,,,,,,,,,,,,,64.0,,-53.410386717905034,-17.75,,-224.16749795447157,-6.0,,,53.410386717905034,,0.009718268797132704,,,0.11661922556559244,0.024366052334810692,-0.35036496350364965,-64.0,0.2923926280177283,,,,,,,0.009718268797132704,-0.7288690476190476,25.0,-0.23323845113118488,-8.00001220703125,0.024366052334810692,-0.07664233576642336,-14.0,0.11717691105210828,21.404315752185113,0.125,,,,,,,,,,,,,,,,,1958.0
14877,,,,,,,,,,,,,,Off,70.5,,70.39353505774031,-39.5,,-91.0688753904578,3.0,,,-129.71682816411774,,0.02915480639139811,-0.5247857142857142,-18.0,0.3498576766967773,-0.05917738511136759,-0.3777372262773723,-69.0,-0.7101286213364111,,,,,,,0.02915480639139811,,,-0.3498576766967773,-12.000018310546874,-0.05917738511136759,-0.20255474452554745,-37.0,-0.8533897465677092,-155.88586037303486,0.15625,,,,,,,,,,,,,,,,,1960.0
14978,,,,,,,,,,,,,,,71.75,,25.652338980268222,-41.0,,0.0,1.0,,,-25.652338980268222,,0.009718268797132704,,,0.11661922556559244,-0.011702709388808496,-0.3886861313868613,-71.0,-0.14043251266570195,,,,,,,0.009718268797132704,,,0.0,0.0,-0.011702709388808496,-0.22445255474452555,-41.0,-0.0527081970621463,-9.628030663352057,0.15625,,,,,,,,,,,,,,,,,1963.0
15078,,,,,,,,,,,,,,,71.5,,,-30.0,,94.82942557075461,-1.0,,,-25.652338980268222,,0.0,,,0.0,,,,,,,,,,,0.0,,,,,,-0.1642335766423358,-30.0,0.5245286009010842,95.81389109793139,0.15625,,,,,,,,,,,,,,,,,1967.0
15178,,,,,,,,,,,,,,,71.25,,2.3462733436600645,-24.25,,31.077423184379246,-1.0,,,-2.3462733436600645,0.125,,,,,-0.0010703801750274018,,,-0.01284456210032882,,,,,,,,,,,,-0.0010703801750274018,-0.13138686131386862,-24.0,0.1701318787466017,31.077423184379246,0.125,,,,,,,,,,,,,,,,,1968.0
15278,,,,,,,,,,,,,,,,,,-26.5,,-41.246468271154285,-1.0,,,-2.3462733436600645,,,,,,,,,,,,,,,,,,,,,,-0.14233576642335766,-26.0,-0.2299224088510931,-41.99916001679967,0.15625,,,,,,,,,,,,,,,,,1970.0
15379,,,,,,,,,,,,,,,,,,-27.0,,-25.131532156423685,0.0,,,-2.3462733436600645,,,,,,,,,,,,,,,,,,,,,,-0.1478102189781022,-27.0,-0.13758138041837784,-25.131532156423685,0.125,,,,,,,,,,,,,,,,,1973.0
15479,,,,,,,,,,,,,,,,,,-26.25,,0.0,,,,-2.3462733436600645,,,,,,,,,,,,,,,,,,,,,,-0.14233576642335766,-26.0,0.0,0.0,0.15625,,,,,,,,,,,,,,,,,
15579,,,,,,,,,,,,,,,,,0.0,,,,,,,0.0,,,,,,-0.0,,,-0.0,,,,,,,,,,,,-0.0,,,,,0.15625,,,,,,,,,,,,,,,,,1976.0
15678,,,,,,,,,,,,,,,,,,,,,,,,,,,,,,,,,,,,,,,,,,,,,,,,,,,,,,,,,,,,,,,,,,,1979.0
15778,,,,,,,,,,,,,,,,,,,,,,,,,,,,,,,,,,,,,,,,,,,,,,,,,,,,,,,,,,,,,,,,,,,1980.0
15878,,,,,,,,,,,,,,,,,,,,,,,,,,,,,,,,,,,,,,,,,,,,,,,,,,,,,,,,,,,,,,,,,,,1983.0
15979,,,,,,,,,,,,,,,,,,,,,,,,,,,,,,,,,,0.125,,,,,,,,,,,,,,,,0.15625,,,,,,,,,,,,,,,,,1985.0
16079,,,,,,,,,,,,,,,,,,,,,,,,,,,,,,,,,,0.15625,,,,,,,,,,,,,,,,,,,,,,,,,,,,,,,,,1987.0
16180,,,,,,,,,,,,,,,,,,,,,,,,,,,,,,,,,,0.15625,,,,,,,,,,,,,,,,,,,,,,,,,,,,,,,,,1990.0
16279,,,,,,,,,,,,,,,,,,,,,,,,,,,,,,,,,,0.125,,,,,,,,,,,,,,,,,,,,,,,,,,,,,,,,,1993.0
16379,,,,,,,,,,,,,,,,,,,,,-1.0,,,,,,,,,,,,,0.125,,,,,,,,,,,,,,,,,,,,,,,,,,,,,,,,,1996.0
16483,,,,,,,,,,,,,,,,,,,,,0.0,,,,,,,,,,,,,,,,,,,,,,,,,,,,,,,,,,,,,,,,,,,,,,1997.0
16584,,,,,,,,,,,,,,,,,,,,,,,,,,,,,,,,,,,,,,,,,,,,,,,,,,,,,,,,,,,,,,,,,,,2000.0
16680,,,,,,,,,,,,,,,,,,,,,,,,,0.125,,,,,,,,,,,,,,,,,,,,,,,,,,,,,,,,,,,,,,,,,,2003.0
16780,,,,,,,,,,,,,,,,,,,,,,,,,0.125,,,,,,,,,,,,,,,,,,,,,,,,,0.15625,,,,,,,,,,,,,,,,,2004.0
16880,,,,,,,,,,,,,,,,,,,,,,,,,,,,,,,,,,,,,,,,,,,,,,,,,,,,,,,,,,,,,,,,,,,2006.0
16980,,,,,,,,,,,,,,,,,,,,,,,,,,,,,,,,,,0.15625,,,,,,,,,,,,,,,,0.125,0.15625,,,,,,,,,,,,,,,,2009.0
17081,,,,,,,,,,,,,,,,,,,,,,,,,,,,,,,,,,0.125,,,,,,,,,,,,,,,,0.15625,0.15625,,,,,,,,,,,,,,,,2011.0
17181,,,,,,,,,,,,,,,,,,,,,,,,,0.125,,,,,,,,,0.125,,,,,,,,,,,,,,,,,0.125,,,,,,,,,,,,,,,,2013.0
17280,,,,,,,,,,,,,,,,,,,,,,,,,,,,,,,,,,0.15625,,,,,,,,,,,,,,,,0.15625,,,,,,,,,,,,,,,,,2015.0
17380,,,,,,,,,,,,,,,,,,,,,,,,,,,,,,,,,,0.125,,,,,,,,,,,,,,,,,,,,,,,,,,,,,,,,,2018.0
17480,,,,,,,,,,,,,,,,,,,,,,,,,,,,,,,,,,0.15625,,,,,,,,,,,,,,,,0.15625,,,,,,,,,,,,,,,,,2020.0
17582,,,,,,,,,,,,,,,,,,,,,,,,,,,,,,,,,,0.15625,,,,,,,,,,,,,,,,,0.125,,,,,,,,,,,,,,,,2022.0
17682,,,,,,,,,,,,,,,,,,,,,,,,,,,,,,,,,,,,,,,,,,,,,,,,,,,0.125,,,,,,,,,,,,,,,,2024.0
17781,,,,,,,,,,,,,,,,,,,,,,,,,,,,,,,,,,0.125,,,,,,,,,,,,,,,,,,,,,,,,,,,,,,,,,2027.0
17881,,,,,,,,,,,,,,,,,,,,,,,,,,,,,,,,,,0.125,,,,,,,,,,,,,,,,,0.15625,,,,,,,,,,,,,,,,2030.0
17982,,,,,,,,,,,,,,,,,,,,,,,,,,,,,,,,,,0.125,,,,,,,,,,,,,,,,,0.125,,,,,,,,,,,,,,,,2031.0
18081,,,,,,,,,,,,,,,,,,,,,,,,,,,,,,,,,,0.15625,,,,,,,,,,,,,,,,,0.125,,,,,,,,,,,,,,,,2033.0
18181,,,,,,,,,,,,,,,,,,,,,,,,,,,,,,,,,,,,,,,,,,,,,,,,,,,0.125,,,,,,,,,,,,,,,,2034.0
18282,,,,,,,,,,,,,,,,,,,,,,,,,,,,,,,,,,0.125,,,,,,,,,,,,,,,,,,,,,,,,,,,,,,,,,2037.0
18382,,,,,,,,,,,,,,,,,,,,,,,,,,,,,,,,,,0.125,,,,,,,,,,,,,,,,0.15625,,,,,,,,,,,,,,,,,2039.0
18482,,,,,,,,,,,,,,,,,,,,,,,,,,,,,,,,,,0.15625,0.125,,,,,,,,,,,,,,,,0.125,,,,,,,,,,,,,,,,2041.0
